"ID.ID5.","Talkative","Outgoing","Forgiving","Thorough","Efficient","Energetic","Helpful_unselfish","Considerate","Cooperative","Relaxed","Emotionally_stable","Sophisticated_in_arts","Easily_distracted","Moody","Curious"
5038495,5,5,5,4,3,3,3,4,3,6,6,6,3,3,3
5828829,7,6,6,2,2,2,3,5,4,3,5,4,6,6,8
5552276,7,7,8,9,6,8,7,6,7,2,2,2,4,3,4
5966643,7,7,8,6,4,6,6,6,6,1,2,1,4,4,6
5237134,7,7,8,6,5,6,8,8,8,6,5,7,3,3,4
5407780,6,5,4,2,5,2,1,3,1,5,8,5,9,9,9
5699977,8,9,9,5,2,4,7,8,7,6,6,7,1,1,4
5494326,7,7,6,4,6,4,4,5,4,8,8,8,8,8,8
5492902,8,8,7,5,8,5,6,7,6,9,9,9,8,8,8
5202850,6,5,4,3,5,3,3,5,3,6,6,5,9,9,9
5240610,3,3,4,10,9,10,9,6,8,8,2,5,5,5,2
5841993,6,5,4,2,5,2,3,5,3,7,7,6,10,10,10
5393804,9,9,9,7,5,6,7,8,7,7,7,8,2,2,3
5793401,7,7,8,5,3,4,7,8,7,6,6,7,2,2,4
5630685,7,7,7,5,5,4,5,6,5,5,6,5,6,6,7
5933430,4,4,4,4,4,4,5,5,4,7,5,6,4,5,4
5800368,7,7,8,8,6,8,8,7,8,5,4,5,2,2,3
5668926,7,7,7,6,6,6,6,6,6,7,6,7,4,4,4
5424454,7,6,6,4,5,4,5,6,5,8,8,8,5,6,6
5946626,7,7,7,5,6,5,7,8,7,8,7,8,6,6,6
5425515,8,8,7,5,4,4,6,6,6,10,10,10,2,2,2
5778750,9,9,10,8,6,8,10,9,10,7,6,7,2,2,3
5563353,6,6,7,7,5,6,6,6,6,1,1,1,4,4,6
5613994,6,5,4,3,5,3,3,4,3,8,8,7,7,7,6
5128750,6,7,7,5,3,5,5,5,5,4,5,4,2,2,4
5098772,8,8,9,9,6,9,10,9,10,3,2,4,3,3,5
5989224,7,7,6,3,5,3,3,5,4,5,7,5,7,7,8
5120203,9,9,10,7,5,6,9,10,9,6,6,7,2,2,4
5929624,9,8,9,6,6,6,7,8,7,5,6,5,5,5,7
5359956,8,8,8,5,4,5,6,7,7,5,6,6,3,3,5
5167159,8,7,8,5,6,5,7,8,7,5,5,5,6,6,7
5147417,3,3,4,8,7,8,7,5,7,5,2,3,4,5,3
5529758,7,7,8,5,3,4,5,6,5,4,5,5,1,1,3
5793649,6,6,6,5,5,6,6,7,6,5,4,5,5,6,6
5591253,7,7,8,6,2,5,6,6,6,3,4,4,1,1,1
5317441,9,9,8,6,7,5,6,7,7,9,9,10,5,5,5
5975438,1,1,1,5,6,6,4,2,3,8,4,4,6,7,3
5235347,8,9,9,6,5,6,8,9,8,7,7,8,2,3,4
5019100,5,5,6,2,2,2,5,6,5,4,4,5,5,6,8
5503368,7,6,5,3,7,3,3,5,3,6,8,6,10,10,10
5728914,6,6,7,3,1,3,6,7,6,5,5,6,3,3,5
5923363,3,3,2,6,6,7,5,4,5,8,4,5,6,6,4
5150045,8,7,6,5,8,5,4,5,4,7,8,7,10,10,9
5161874,7,7,7,6,4,5,5,5,5,4,5,5,2,2,3
5650850,5,5,6,3,1,3,5,6,5,3,3,4,3,4,5
5517715,7,6,5,6,7,5,4,3,3,7,7,6,6,6,5
5050957,7,7,6,6,7,6,6,7,6,8,7,8,6,6,6
5162348,4,4,4,7,6,7,6,4,5,7,4,5,4,5,3
5884527,7,7,6,6,7,6,5,5,5,6,6,5,6,6,6
5689401,7,7,7,8,7,8,7,6,7,2,3,2,5,4,6
5459433,6,6,7,4,2,4,6,7,6,1,2,3,4,4,7
5450122,3,3,2,2,3,2,1,1,1,5,6,4,6,6,5
5391925,2,2,2,6,7,7,2,1,2,5,3,2,6,6,3
5339837,9,9,10,7,4,6,9,10,9,4,5,6,2,2,5
5071037,7,7,7,4,4,4,5,6,5,3,4,3,5,5,7
5909475,7,6,5,3,6,3,2,4,2,5,7,5,10,10,10
5819463,6,6,5,3,5,3,4,6,5,8,8,8,6,7,7
5386684,8,8,8,6,6,5,6,7,7,9,9,9,4,4,4
5740822,7,7,5,5,7,5,4,5,4,7,8,7,8,8,7
5232152,6,5,4,3,5,3,2,4,2,6,7,6,9,9,9
5643752,7,7,7,5,3,4,6,6,6,5,6,6,1,1,3
5606878,8,8,8,6,6,6,8,8,8,7,6,7,4,4,5
5328727,6,7,7,9,7,9,8,6,7,7,5,6,2,1,1
5417221,2,2,2,6,5,6,4,2,4,7,4,4,3,3,1
5229517,8,8,7,5,5,5,5,6,6,9,9,9,4,4,4
5417149,6,7,7,8,6,8,9,7,8,8,5,7,1,1,1
5934243,6,5,4,4,8,4,3,4,3,5,6,4,10,10,10
5398192,1,1,1,6,5,7,4,3,4,5,1,2,5,6,3
5013856,7,7,8,6,5,6,8,9,8,3,3,4,5,5,7
5221285,8,8,8,5,3,5,7,8,7,6,6,7,2,2,4
5350538,5,5,5,6,5,6,5,5,5,6,5,5,5,5,4
5471258,5,3,2,1,4,1,1,1,1,5,8,4,10,10,10
5107576,7,6,4,2,7,3,3,5,3,9,9,8,10,10,10
5368512,5,5,6,5,3,5,5,4,4,2,2,2,4,4,5
5243912,9,10,9,8,6,7,8,8,8,7,7,8,2,1,3
5896026,2,2,2,6,5,6,4,2,3,5,3,3,4,4,2
5480260,7,7,7,6,5,5,5,5,4,2,4,3,5,5,6
5272608,7,8,7,8,7,7,7,6,7,9,7,8,3,2,2
5958090,5,4,4,5,5,5,4,4,4,2,3,1,7,7,7
5378219,9,8,7,5,8,5,5,7,5,8,9,8,8,8,9
5049012,8,8,7,6,7,5,5,6,5,7,8,7,5,5,6
5327340,3,3,3,8,7,8,4,2,4,4,2,1,5,5,3
5587032,7,7,7,6,6,6,7,7,7,8,6,7,4,4,4
5864277,7,8,10,9,5,8,10,9,10,3,2,4,1,1,3
5281505,1,1,1,8,5,8,4,1,3,3,1,1,4,4,1
5193171,10,10,10,8,7,7,9,9,9,5,6,7,4,4,6
5297923,6,6,5,4,5,3,3,4,3,7,8,7,6,6,6
5323903,7,7,7,3,4,3,4,5,4,6,8,6,5,5,6
5174141,7,7,6,6,7,6,5,5,5,6,6,5,7,6,6
5637327,7,6,8,5,5,5,7,8,7,1,1,1,6,6,9
5583507,5,5,5,3,3,3,3,4,3,6,6,5,5,6,6
5094431,5,5,6,9,7,9,8,6,8,5,2,3,3,3,3
5930312,7,7,7,4,5,4,6,8,6,8,8,9,5,6,6
5644855,8,7,7,6,9,6,6,6,6,6,6,5,9,9,9
5357464,7,6,5,4,7,3,2,3,2,7,9,6,9,9,8
5592629,8,8,8,5,4,4,5,6,5,2,4,3,5,4,7
5010765,10,10,10,8,5,7,10,10,10,8,8,10,1,1,4
5965361,5,5,5,10,9,10,7,5,7,8,4,5,4,4,1
5917113,8,7,6,6,7,6,4,4,4,7,8,6,6,5,5
5926666,2,2,2,5,6,6,4,3,4,6,3,3,7,8,5
5721111,2,2,2,2,3,3,1,1,1,3,3,2,7,8,7
5690656,7,6,6,4,5,4,4,4,4,6,7,6,5,5,6
5345757,7,6,6,6,6,5,5,5,5,2,3,2,7,7,8
5159563,9,9,8,7,6,6,6,7,7,7,8,7,3,3,4
5913736,6,6,5,6,8,6,5,5,5,6,5,5,7,7,7
5118696,8,6,5,4,9,4,3,5,3,7,8,6,10,10,10
5133857,8,8,8,8,6,7,6,6,6,4,5,4,3,3,4
5542695,7,7,6,6,7,6,6,6,6,9,8,8,6,5,5
5595022,4,4,4,8,7,8,6,4,5,7,4,5,4,4,1
5555323,9,9,8,5,5,4,5,6,5,7,9,8,4,3,5
5221473,8,8,8,5,3,5,7,7,7,7,7,8,1,1,3
5101611,3,3,3,10,9,10,5,1,4,6,3,2,5,4,1
5065542,10,10,9,9,9,8,8,8,8,7,7,7,5,4,5
5339183,8,7,7,4,5,4,5,7,6,8,8,8,6,6,6
5492140,7,6,5,4,6,4,3,5,4,8,9,7,8,8,8
5941563,5,6,6,3,2,3,6,7,6,6,5,6,3,4,5
5245280,8,7,7,8,8,7,5,5,5,6,7,5,6,5,5
5358784,6,6,5,4,6,4,4,5,4,4,5,4,7,7,8
5903122,4,5,4,7,7,7,5,4,5,8,6,6,5,4,2
5952707,7,7,9,10,7,10,10,9,10,2,1,2,2,2,4
5436514,9,9,9,4,3,3,7,9,8,7,8,9,3,3,6
5721033,8,8,8,3,3,2,4,6,4,6,8,7,4,4,6
5368034,9,9,9,8,7,7,8,8,8,7,7,8,3,3,4
5908446,5,5,6,1,1,1,4,7,5,4,5,5,4,5,7
5012748,8,8,7,5,7,5,6,7,6,7,8,7,7,7,7
5370598,8,8,9,6,4,6,9,9,9,2,2,3,3,3,6
5528649,4,4,4,5,4,5,4,4,4,5,4,4,5,5,5
5227804,6,6,5,3,5,3,3,4,3,5,7,5,7,7,8
5575857,3,3,2,8,8,9,6,3,5,7,3,4,6,5,2
5315223,4,4,4,7,6,7,5,4,5,7,5,5,4,4,3
5511972,7,6,5,4,7,4,3,4,3,9,10,8,8,8,7
5419467,5,4,6,5,5,5,5,5,5,1,1,1,7,7,8
5495743,6,6,5,2,4,2,3,5,4,8,9,9,6,7,7
5719508,7,8,8,7,5,6,8,8,8,7,6,8,2,2,3
5794731,7,7,7,5,4,5,7,7,7,5,5,6,3,4,5
5527581,9,9,9,4,3,4,7,9,8,7,8,9,2,3,6
5455803,7,8,8,7,5,6,6,5,6,6,6,6,2,1,2
5537508,6,6,5,3,5,3,3,5,4,8,8,7,6,7,6
5833200,9,8,7,6,7,5,6,6,6,9,9,9,5,5,5
5526035,8,8,9,5,3,5,7,8,7,4,5,6,2,2,4
5508416,6,6,4,3,6,3,2,3,2,9,10,8,8,7,6
5771257,10,10,10,8,8,7,9,10,10,10,9,10,3,3,5
5153557,1,1,1,3,3,4,2,1,1,6,4,4,5,6,3
5234437,8,7,6,5,8,5,5,6,6,7,8,7,9,8,9
5155237,5,5,4,7,7,6,3,2,3,7,7,5,6,6,4
5152022,9,9,10,9,6,8,10,10,10,8,6,9,1,1,1
5760702,7,7,7,6,6,6,5,5,5,5,6,5,4,4,4
5848668,6,6,5,4,5,4,4,4,4,9,9,8,5,5,5
5079634,5,5,5,4,3,3,3,3,2,4,5,4,4,4,4
5658516,6,6,5,4,5,4,4,5,4,9,8,8,5,5,5
5547808,7,7,6,7,7,7,5,4,5,6,6,5,4,4,3
5485829,6,6,5,3,5,3,4,5,4,8,8,8,6,6,6
5113579,8,8,8,4,4,4,7,9,7,8,8,9,3,4,5
5018225,10,10,10,6,8,6,9,10,10,10,10,10,5,5,7
5664687,6,6,5,5,8,5,5,5,5,7,6,6,9,9,8
5433556,8,8,8,6,4,5,7,7,7,6,7,7,2,2,4
5610718,7,7,6,5,6,5,4,5,4,8,8,7,6,6,5
5781083,5,5,4,1,4,2,2,4,2,7,8,6,9,9,9
5027876,6,6,6,6,6,5,5,5,5,8,7,8,4,4,4
5831520,5,5,5,3,3,4,5,5,5,6,5,6,4,4,5
5000588,6,6,7,4,3,4,6,8,7,3,3,4,4,5,7
5300169,3,3,4,7,7,8,6,4,5,6,3,3,5,6,4
5082068,6,5,5,2,5,2,3,6,4,7,7,7,9,10,10
5491026,2,2,2,1,1,1,1,2,1,4,4,4,6,7,6
5824094,5,5,6,3,3,4,5,6,5,2,2,2,6,7,8
5340216,5,5,4,8,10,8,6,5,6,10,7,8,6,6,3
5583600,5,5,6,7,6,7,6,6,6,2,1,1,6,6,7
5275632,8,7,6,6,8,6,5,6,5,9,8,8,7,7,6
5048601,5,4,4,4,6,4,5,5,5,6,5,5,9,10,9
5035184,6,6,6,4,4,4,6,7,6,8,6,8,4,4,5
5823400,6,6,6,6,6,6,7,7,7,9,6,8,4,4,3
5688211,7,6,6,4,5,4,5,6,5,7,7,7,6,6,6
5520457,8,8,7,4,4,4,4,5,4,4,7,5,5,5,6
5612374,3,3,4,9,6,9,9,6,8,8,2,5,2,3,1
5721785,1,2,2,8,7,9,5,3,5,5,1,2,6,6,3
5510454,8,8,6,6,9,6,5,5,5,7,8,6,8,8,8
5930098,6,5,4,3,5,3,2,3,2,7,8,6,7,7,7
5020366,8,8,8,8,8,7,7,7,7,6,6,6,5,4,5
5254165,8,8,9,7,5,7,10,10,10,7,5,8,1,2,4
5541515,3,2,2,6,6,6,4,3,4,6,3,3,6,6,4
5188175,3,3,2,5,7,5,3,2,3,8,6,5,7,7,4
5080786,6,6,4,2,4,2,3,5,3,8,9,8,7,8,8
5517326,8,8,8,4,4,4,4,6,5,5,7,6,5,5,7
5605025,3,3,4,10,8,10,7,4,6,5,1,2,4,4,1
5741082,7,7,7,5,5,5,6,7,6,7,7,7,5,5,6
5467812,9,8,8,6,6,5,6,7,6,7,8,8,5,4,5
5521095,6,7,8,7,4,7,9,9,9,3,2,4,1,2,4
5905219,6,6,5,4,5,4,4,5,4,9,8,8,5,5,4
5077918,4,5,5,6,4,6,5,4,4,5,4,4,2,2,2
5802053,5,5,5,4,5,4,4,5,4,4,5,4,7,8,8
5819365,6,7,7,4,2,3,4,4,4,5,7,6,2,2,3
5062535,9,9,8,6,6,6,8,9,8,9,9,10,4,4,5
5936409,9,9,9,9,9,9,10,9,10,6,5,6,5,5,6
5063260,5,6,7,5,2,5,7,7,7,4,3,5,1,2,3
5726240,8,8,9,4,2,4,9,10,10,7,5,9,1,2,5
5597265,10,10,10,8,8,8,10,10,10,7,6,9,3,3,6
5805523,1,1,1,2,2,2,1,1,1,7,5,5,6,7,4
5234785,3,4,3,8,8,9,5,2,4,8,5,4,5,4,1
5977108,7,7,8,7,5,7,7,6,7,3,4,3,3,3,5
5638828,9,8,7,5,7,5,6,7,6,6,7,7,7,7,8
5817793,8,7,6,4,7,4,4,5,4,8,9,8,9,8,8
5264221,8,8,9,5,4,5,7,8,7,4,5,6,3,4,6
5011800,3,3,3,6,5,6,4,3,4,6,4,4,5,5,3
5059375,1,1,1,7,7,8,5,3,5,5,1,2,6,6,3
5047164,9,9,8,4,7,4,6,8,7,7,8,8,8,8,10
5817944,6,6,7,6,3,6,9,9,9,6,4,6,1,2,4
5413860,6,6,6,6,5,6,6,6,6,8,7,8,4,4,4
5598148,8,8,8,4,3,4,6,8,7,6,7,8,2,2,4
5628258,6,6,6,3,3,3,4,5,4,4,5,4,6,6,8
5021682,7,6,4,6,9,6,3,2,2,6,7,4,9,9,7
5765457,5,4,4,4,5,4,3,3,3,1,2,1,9,9,9
5941718,6,6,6,5,5,5,5,6,5,7,6,7,5,5,5
5413522,8,7,7,4,7,4,5,7,5,7,8,7,8,8,9
5430441,5,5,6,6,4,6,7,6,6,4,3,4,4,4,5
5715185,7,6,5,2,6,3,4,7,5,7,8,7,10,10,10
5065273,8,8,7,5,4,5,6,7,6,6,7,7,4,4,5
5133535,4,3,2,1,4,1,1,3,1,7,8,6,10,10,10
5939654,6,6,6,7,6,7,6,5,6,5,4,4,4,4,4
5908438,4,3,3,1,1,1,1,2,1,6,7,5,6,7,6
5680270,5,5,7,4,2,4,5,6,5,1,2,2,4,4,6
5438815,5,4,3,1,4,1,2,5,3,7,7,6,9,10,9
5627591,7,7,5,5,6,5,4,5,5,9,8,8,6,6,5
5531759,6,5,3,3,7,3,1,2,1,7,9,6,10,9,8
5665815,7,6,5,5,6,4,2,3,2,8,9,7,6,5,4
5946294,6,6,7,6,3,5,5,5,5,1,1,1,4,4,6
5260119,8,7,5,5,7,5,3,4,3,9,10,8,7,7,6
5382964,9,8,7,8,10,8,8,8,8,8,8,7,8,8,8
5773468,8,7,6,7,8,7,5,4,5,8,8,7,5,4,3
5516201,4,4,4,8,7,8,6,4,6,6,4,4,4,4,2
5472536,7,7,7,7,6,6,6,6,6,3,3,3,5,5,6
5760909,5,5,5,6,5,5,5,4,5,6,5,5,5,5,5
5637181,6,6,7,4,3,4,7,8,7,6,5,7,3,3,4
5223187,4,4,4,8,8,8,5,2,4,5,3,2,6,5,3
5178379,7,7,6,9,9,8,7,5,6,6,5,4,6,5,5
5137161,9,9,10,8,7,8,9,9,9,5,5,6,3,3,5
5879272,9,8,7,5,7,5,5,6,5,8,9,8,7,7,7
5999327,7,7,8,3,2,3,7,9,7,7,6,8,2,3,5
5893958,6,5,5,6,6,6,5,4,4,5,5,4,6,6,5
5093959,4,4,4,9,9,9,7,5,6,8,5,5,5,5,3
5203998,7,7,6,4,5,4,5,7,6,10,9,10,5,5,5
5592054,2,2,2,8,8,8,5,2,4,8,4,4,6,6,2
5421335,3,3,3,10,10,10,7,3,6,9,4,5,6,5,2
5297096,2,2,2,4,4,4,4,3,3,7,4,5,5,6,4
5071796,7,7,9,8,5,7,9,9,9,3,2,4,3,3,5
5056325,9,9,9,5,5,5,7,9,8,9,10,10,4,4,5
5836981,6,5,6,5,4,5,6,7,6,3,3,4,4,5,6
5460425,4,4,3,5,6,6,5,4,5,8,5,6,6,7,5
5411917,7,7,7,6,5,6,6,6,6,6,6,6,3,3,3
5010623,2,2,2,5,6,6,4,3,3,6,3,3,7,8,5
5035706,5,5,6,5,4,5,5,5,5,4,3,4,3,3,4
5374058,3,4,4,10,8,10,9,6,9,7,1,4,3,4,1
5736774,8,8,8,6,4,6,9,9,9,9,7,9,1,1,2
5309636,7,7,7,8,10,8,8,7,8,5,4,4,8,8,8
5343764,2,2,2,7,7,7,4,2,4,6,3,3,6,6,4
5384078,9,10,10,8,6,8,10,10,10,8,7,9,2,2,3
5725592,9,9,8,6,8,5,5,6,5,6,8,7,8,8,9
5817810,8,7,6,7,8,6,5,4,5,6,7,5,7,6,6
5827706,9,9,9,8,6,7,9,9,9,8,7,9,2,1,3
5047384,7,7,7,3,2,3,5,6,5,7,7,8,2,3,4
5109472,5,4,3,1,4,1,1,3,1,6,8,5,9,10,10
5579821,7,7,7,6,5,6,8,9,9,8,6,8,3,4,5
5842848,9,9,9,7,5,6,6,7,6,5,7,6,3,2,4
5345465,5,5,4,2,5,2,3,5,3,6,7,6,9,9,9
5086933,4,5,6,10,9,10,10,6,9,7,2,4,2,2,1
5073213,6,5,4,6,9,6,4,4,4,7,6,5,10,10,9
5348006,3,3,3,5,6,6,5,4,5,8,5,6,6,7,5
5912104,4,4,4,9,8,9,5,3,5,7,4,4,4,4,1
5337163,6,6,6,6,5,6,5,5,5,5,5,4,4,4,4
5404285,5,5,4,1,2,1,2,5,3,6,7,7,7,8,8
5460092,6,7,6,7,7,7,6,5,5,8,7,7,4,4,3
5450450,5,5,6,4,3,4,5,5,5,2,3,2,5,5,6
5989394,6,7,7,7,4,6,7,7,7,5,4,5,2,2,4
5994099,2,2,3,7,6,8,6,3,5,5,1,2,4,5,2
5157155,2,1,2,3,4,4,3,2,3,6,4,4,6,7,4
5012699,1,2,2,5,3,5,4,3,4,5,2,3,3,4,2
5825348,10,10,9,8,10,8,9,10,10,9,9,10,6,5,6
5946650,8,7,7,3,5,3,5,7,5,5,6,6,7,7,9
5244435,9,9,9,9,6,8,9,8,9,6,5,6,1,1,2
5974877,6,6,5,1,1,1,2,5,3,6,8,7,5,6,7
5282705,8,8,7,6,8,6,6,6,6,6,6,5,8,8,8
5031443,5,5,5,10,10,10,6,4,6,7,4,4,5,4,2
5357751,1,1,1,3,3,4,4,4,4,9,4,7,5,6,3
5498646,9,9,9,8,6,7,9,8,9,9,8,9,1,1,1
5858857,5,4,4,4,5,4,4,5,4,5,5,5,6,7,6
5183040,8,8,8,6,4,5,7,7,7,5,5,6,3,3,5
5456461,7,8,8,5,3,5,7,8,7,6,6,7,2,2,4
5751822,9,8,8,8,8,8,8,7,8,8,8,8,5,5,5
5109320,6,6,7,6,4,6,6,6,6,6,5,6,2,2,3
5227342,7,8,7,6,5,6,6,6,6,7,7,7,2,2,2
5187354,7,7,7,6,4,5,6,6,6,7,7,7,2,2,2
5350276,7,7,7,10,10,10,8,5,7,6,4,3,5,3,2
5958656,5,5,5,5,4,5,5,5,5,7,6,6,5,5,5
5485738,8,8,8,6,5,6,8,8,8,7,7,8,3,3,4
5659022,3,3,3,8,7,9,6,4,6,7,3,4,3,4,1
5189595,8,8,8,7,7,7,9,9,9,8,6,8,5,5,5
5604228,6,6,6,5,4,5,7,8,7,7,5,7,4,4,5
5692908,3,3,4,2,1,2,3,4,3,7,6,7,3,4,3
5241154,8,8,7,6,9,6,7,7,7,9,8,8,8,8,8
5800944,7,7,6,6,6,5,5,5,5,8,7,7,5,5,5
5035681,6,6,6,6,8,7,6,6,6,5,4,4,8,8,9
5496837,7,6,6,7,7,6,5,5,5,3,4,2,7,7,7
5006560,5,5,4,3,4,3,1,2,1,4,6,3,7,7,7
5640028,5,4,6,5,4,5,6,5,5,1,1,1,5,5,7
5919328,5,5,7,6,4,7,8,8,8,1,1,2,3,4,6
5944232,6,6,5,2,3,2,4,5,4,9,9,9,5,6,6
5124824,7,7,8,7,5,7,8,8,8,6,5,6,3,3,4
5135695,5,5,4,6,6,6,5,4,5,9,7,8,4,4,2
5760109,8,8,7,5,7,4,5,7,6,8,8,8,7,7,8
5483423,10,9,8,7,9,7,5,6,5,7,9,7,7,6,7
5342165,10,10,10,10,10,10,10,9,10,6,6,6,5,4,6
5637972,2,2,2,7,6,7,5,3,5,9,4,6,4,5,1
5984176,5,5,3,3,6,3,3,4,3,9,9,8,8,9,7
5471676,7,7,8,5,4,5,6,7,6,5,5,5,5,5,7
5979787,3,3,3,8,7,8,6,4,5,8,4,5,4,4,2
5584383,7,7,7,7,5,6,6,6,6,6,5,6,2,2,2
5751504,5,5,6,3,3,3,5,6,5,6,5,6,5,5,6
5143457,7,7,7,5,5,4,5,6,5,8,8,8,4,4,4
5497313,1,1,1,5,4,5,3,1,2,5,2,2,5,5,3
5664272,6,6,7,3,2,3,6,8,6,3,3,4,4,5,7
5096808,8,8,8,9,9,9,9,8,8,9,7,9,4,3,3
5685366,6,6,5,5,7,5,6,6,6,10,8,9,7,7,6
5303292,7,7,6,7,7,7,7,7,7,8,6,7,5,5,5
5358271,7,7,6,3,4,3,2,4,3,9,10,9,4,3,3
5976692,5,5,6,4,3,4,4,4,4,4,5,4,3,3,4
5969838,10,10,9,7,7,7,9,9,9,10,9,10,3,3,4
5316767,10,10,10,9,7,8,9,9,9,5,6,6,3,2,4
5551884,4,5,5,10,9,10,9,6,9,9,4,6,3,3,1
5923040,7,6,5,3,6,3,4,5,4,6,7,5,8,9,9
5769470,7,6,5,4,7,4,3,5,4,5,7,5,10,10,10
5770079,6,6,6,5,5,5,6,6,6,7,6,7,5,5,5
5495785,5,5,5,2,2,2,4,5,4,3,4,3,6,6,8
5191163,8,8,8,3,2,2,5,7,6,6,7,8,3,4,6
5935498,5,5,4,3,4,3,5,6,5,9,8,9,6,7,6
5080299,7,7,8,5,2,4,6,6,6,1,2,2,2,2,5
5714045,5,5,4,3,4,3,4,5,4,8,7,7,5,6,5
5566968,8,7,6,6,8,6,5,6,5,9,9,8,7,6,6
5953819,4,4,5,10,9,10,8,5,7,6,3,3,5,5,3
5042863,2,2,3,7,7,8,6,5,6,7,3,4,6,6,4
5587252,7,7,7,5,5,5,7,8,7,9,7,9,4,4,5
5050035,8,8,8,6,4,5,8,8,8,6,6,7,3,3,5
5862080,9,8,8,7,7,7,6,6,6,4,5,4,5,4,6
5710214,7,6,7,4,3,4,6,7,6,2,3,3,5,5,7
5716574,6,6,6,5,6,5,6,6,6,8,7,7,6,6,6
5716085,7,7,7,5,4,4,5,6,5,5,6,6,3,3,4
5225310,7,7,6,5,5,5,8,9,8,10,8,10,4,5,4
5495664,1,2,2,8,7,9,6,3,5,6,1,2,5,5,2
5116796,8,7,6,4,7,3,3,4,3,7,9,6,9,9,9
5311555,3,2,2,6,7,7,5,4,5,8,4,5,7,8,5
5977335,5,4,4,1,4,1,1,3,2,5,7,5,9,9,9
5647556,7,7,6,7,7,7,5,5,5,7,7,6,4,4,3
5502311,8,8,7,4,4,3,6,8,6,8,8,9,5,5,7
5672653,7,6,7,5,5,5,6,6,6,4,5,5,6,6,7
5803813,10,10,8,9,10,8,7,6,6,7,9,7,9,8,8
5336957,8,8,8,3,2,2,4,6,4,6,9,8,3,3,5
5799718,5,5,5,9,7,9,6,3,5,5,3,3,3,2,1
5192067,4,4,3,10,10,10,7,4,6,9,4,5,6,6,2
5501076,9,9,9,10,9,9,8,7,8,6,6,6,4,3,4
5180155,1,1,1,5,5,6,4,2,3,7,3,4,5,6,2
5261306,10,10,9,5,8,5,7,9,8,7,9,8,8,7,10
5486593,7,7,7,5,4,4,5,6,5,7,7,7,3,3,4
5940078,8,7,6,4,7,4,5,7,6,8,8,8,8,8,8
5507827,8,9,9,8,5,7,8,8,8,5,5,6,2,1,3
5595814,7,8,8,2,1,2,5,8,6,8,9,10,2,3,5
5738182,4,4,3,6,7,7,6,5,5,8,5,6,6,6,4
5050519,3,3,3,8,7,7,3,1,2,4,3,1,5,4,2
5551554,4,4,3,6,7,7,6,5,5,8,5,6,6,7,4
5661748,6,6,6,4,2,4,4,5,4,4,5,5,2,2,3
5652313,7,7,7,4,3,4,5,6,5,6,6,6,3,3,5
5124457,8,7,7,8,8,7,6,6,6,7,7,7,5,4,4
5296294,9,9,10,8,7,8,10,10,10,8,5,9,2,3,5
5297339,1,1,1,4,5,5,2,1,1,6,4,3,6,6,3
5798211,8,8,8,5,6,5,7,8,7,8,8,8,6,6,7
5337913,5,5,5,2,4,3,4,5,4,8,7,8,6,7,7
5145531,3,4,4,7,6,8,8,6,7,8,3,6,3,3,2
5673615,2,2,2,8,7,9,5,2,4,5,2,2,4,4,1
5747319,7,7,8,5,3,5,8,9,9,6,5,7,2,2,4
5752369,7,6,7,4,4,4,6,7,6,1,3,2,6,7,9
5471440,7,7,7,6,5,6,8,8,8,7,5,7,4,4,5
5064780,5,4,4,1,3,1,2,5,3,7,7,7,8,9,9
5037004,6,6,8,5,2,5,8,8,8,5,4,6,1,1,3
5884281,1,1,1,5,4,5,2,1,2,4,1,1,6,7,4
5602741,9,8,7,6,10,6,6,7,6,9,9,8,10,10,10
5508455,10,9,8,8,10,7,6,6,6,5,6,4,8,7,8
5271238,9,9,9,7,7,7,9,9,9,5,5,6,5,5,7
5275731,9,8,6,2,6,2,3,6,4,9,10,10,9,9,9
5021333,6,5,4,6,8,6,5,4,5,9,7,7,7,6,5
5385187,10,10,10,10,9,9,10,10,10,7,6,7,4,3,5
5261835,7,7,7,7,6,7,7,7,7,6,5,6,3,3,4
5928055,9,9,9,5,5,5,6,8,7,5,6,6,5,5,7
5047445,9,9,9,8,7,7,9,9,9,8,7,8,4,4,5
5156708,8,9,10,9,7,9,10,10,10,8,5,9,1,1,3
5124733,7,7,8,7,4,7,8,8,8,2,2,3,3,3,5
5595158,9,10,10,5,4,4,8,10,9,6,7,8,2,3,6
5082290,1,1,1,6,7,7,4,2,3,6,2,2,7,7,4
5876832,8,9,9,6,5,6,8,9,9,8,7,9,3,3,4
5629825,9,8,8,5,5,5,5,5,5,8,9,8,4,3,4
5538907,8,6,5,5,8,5,4,5,4,6,7,5,10,10,9
5779241,5,4,3,1,5,2,1,3,1,7,8,6,10,10,9
5269789,4,4,5,4,3,4,4,5,4,3,3,3,4,5,5
5628972,7,7,7,7,5,6,6,6,6,6,6,6,3,3,4
5899707,4,4,4,10,10,10,8,4,7,7,3,4,6,6,3
5812296,3,3,3,8,8,8,5,3,4,5,3,2,7,7,4
5037686,3,2,2,1,4,2,1,2,1,4,5,3,10,10,10
5335684,6,6,5,3,5,3,3,4,3,7,8,7,6,6,6
5860979,2,2,2,6,5,6,3,2,3,5,3,2,5,5,2
5475894,6,6,5,8,9,8,7,5,6,8,6,6,6,6,4
5436710,7,7,7,4,3,4,5,6,5,5,6,6,3,3,5
5497265,5,6,6,4,3,4,5,6,6,7,6,7,4,4,5
5190194,7,7,8,3,2,2,5,8,6,6,7,8,3,4,6
5726629,9,9,10,10,8,9,10,9,10,6,5,6,3,2,4
5409653,4,4,3,6,7,7,4,3,4,8,6,6,6,6,4
5874567,2,1,1,6,7,7,3,1,3,7,4,4,6,6,3
5363174,8,8,7,7,7,6,5,5,5,8,8,7,4,4,4
5925938,6,5,3,1,5,1,2,4,2,9,9,8,10,10,10
5425445,4,3,3,3,5,3,1,2,1,2,4,1,8,8,8
5265501,7,6,7,5,6,5,5,6,5,1,3,1,8,8,10
5221616,3,4,4,10,9,10,9,6,8,8,2,5,4,4,1
5695782,7,7,8,6,4,6,9,9,9,7,5,7,2,3,4
5384242,6,6,5,3,5,4,5,6,5,8,8,8,7,7,7
5954922,8,8,7,5,5,5,5,6,5,7,8,7,3,3,4
5329012,9,9,8,5,5,5,7,8,7,9,9,10,3,3,5
5592090,5,5,4,7,8,7,6,5,6,7,5,5,7,7,6
5606066,7,8,8,7,5,7,8,8,8,5,4,5,2,2,4
5910486,6,7,8,3,1,2,6,7,6,5,5,7,1,1,3
5254910,3,3,2,9,10,10,5,2,5,6,2,2,8,7,4
5585802,7,7,8,8,7,8,8,7,7,5,4,4,3,3,4
5240101,5,5,5,6,5,6,5,4,5,4,4,4,4,4,4
5533650,8,8,6,6,9,6,6,6,6,7,8,7,9,8,8
5197343,5,6,5,6,5,5,5,5,5,8,6,7,4,4,3
5983427,3,2,2,6,7,7,4,2,3,8,5,5,7,7,4
5486288,6,6,7,3,1,3,5,6,5,5,6,6,2,2,4
5011379,8,8,7,6,6,5,5,5,5,7,8,7,5,5,5
5286543,7,7,7,4,5,4,6,7,6,8,8,9,5,5,6
5918149,4,4,5,2,1,2,3,4,3,3,4,4,4,4,5
5543235,8,8,7,5,6,4,5,6,5,7,8,7,5,5,6
5660650,7,6,5,6,8,6,5,5,5,8,8,7,8,8,7
5126858,7,7,7,5,6,5,6,7,7,8,7,8,5,5,6
5050061,6,6,6,5,6,5,6,6,6,8,7,7,5,5,5
5773787,7,8,9,7,4,7,9,9,9,4,3,5,2,2,4
5024329,6,6,5,8,9,8,6,5,5,7,6,5,7,7,6
5133072,1,1,1,5,5,6,3,1,2,5,2,2,6,6,3
5898149,7,6,5,2,5,2,3,5,3,7,8,7,8,8,8
5636936,4,4,4,5,5,5,4,3,3,5,4,3,6,6,6
5840639,10,10,10,5,5,5,9,10,10,8,8,10,3,3,6
5767207,6,6,5,4,5,3,3,4,3,8,9,8,5,5,5
5473058,2,2,2,6,5,7,5,3,4,5,2,2,5,5,3
5857400,8,8,8,3,2,2,5,7,6,6,7,8,3,4,6
5573347,7,7,8,7,4,6,7,7,7,4,3,4,2,2,3
5364499,8,8,7,5,7,5,4,5,4,7,8,6,6,6,6
5926557,1,1,1,6,5,6,3,1,3,5,2,2,5,5,2
5998868,8,8,9,8,5,7,9,8,9,5,5,6,1,1,3
5923645,6,6,5,3,4,2,3,4,3,8,8,7,6,6,6
5745593,9,9,10,8,5,7,10,10,10,6,5,7,1,1,3
5452806,3,3,3,1,1,1,1,3,2,5,6,5,6,7,6
5940323,8,9,9,6,6,6,9,10,9,7,6,8,3,3,5
5660164,4,4,4,7,6,6,4,2,3,6,5,4,5,5,3
5103587,4,3,3,1,3,1,1,3,1,4,6,4,10,10,10
5543385,7,7,7,7,7,7,8,7,8,7,5,6,5,5,5
5386799,3,3,3,9,9,10,7,4,6,8,3,5,5,5,2
5428411,5,5,4,4,5,4,3,3,3,7,7,6,6,6,5
5590516,8,7,7,4,5,4,5,6,5,8,8,8,5,4,5
5900906,7,7,6,5,7,5,5,6,6,9,8,9,7,7,7
5019969,2,2,2,5,6,6,4,3,4,7,4,5,7,7,5
5793006,6,6,6,7,6,6,5,4,5,5,5,4,5,5,5
5164598,6,6,7,4,2,4,5,6,5,1,3,2,3,3,5
5616212,7,7,7,5,5,5,6,7,6,8,8,9,4,5,5
5384729,8,7,8,9,9,9,9,8,9,3,2,3,7,6,8
5356525,6,6,7,5,5,5,5,6,5,2,3,2,5,5,7
5702924,8,7,8,5,5,5,6,7,7,6,6,6,4,4,6
5457405,7,7,7,7,7,7,5,5,5,3,4,2,6,6,6
5020705,5,4,4,3,5,3,2,2,2,5,6,4,8,8,8
5497449,5,5,6,6,4,6,6,5,6,5,4,5,2,2,2
5022235,3,4,3,4,4,5,4,4,4,8,6,7,4,4,2
5769461,6,6,5,4,6,4,5,5,5,10,9,9,7,7,6
5400518,3,4,4,9,7,9,8,5,7,6,2,3,3,3,2
5836809,4,4,5,5,4,5,5,5,5,3,2,3,5,5,5
5423448,6,5,4,1,4,1,1,4,2,6,8,6,9,10,10
5551694,5,5,5,2,2,2,4,5,4,7,6,7,3,4,4
5583228,7,6,5,3,5,3,2,4,2,5,7,5,8,8,8
5894494,5,5,5,7,6,7,6,5,5,5,4,4,5,5,5
5847789,5,4,5,1,2,2,3,5,3,2,3,2,8,9,10
5192700,8,8,9,8,5,7,10,10,10,6,4,7,2,2,4
5271763,6,6,6,7,6,7,7,6,7,7,5,6,4,4,4
5716709,7,7,8,6,4,5,6,7,6,3,4,4,3,3,5
5854733,2,2,3,9,8,9,6,3,6,5,1,2,5,5,2
5784798,9,8,7,6,9,6,6,6,6,7,8,7,9,9,9
5900941,7,7,8,4,2,4,6,7,6,4,5,6,2,2,4
5937859,7,7,8,4,3,3,5,6,5,2,4,3,5,5,8
5482072,5,5,6,8,6,8,7,6,7,6,3,5,3,3,3
5762936,3,3,3,7,7,7,4,2,4,7,4,4,6,6,3
5218818,6,6,5,2,3,1,2,4,2,7,8,7,6,6,7
5010583,7,8,7,6,5,5,6,6,6,6,6,6,3,2,3
5731428,7,6,5,1,5,1,2,5,3,8,9,8,8,9,9
5055190,4,3,3,2,2,2,1,2,1,6,6,5,6,6,5
5206771,7,7,7,6,5,6,7,7,7,5,5,5,3,3,4
5037844,7,7,8,5,4,5,7,8,7,4,5,5,4,4,6
5622529,7,7,6,5,7,5,5,6,6,10,9,9,7,7,6
5900755,5,4,3,3,5,3,2,2,2,5,6,4,9,9,8
5912984,9,8,6,5,9,5,5,6,5,9,10,8,9,9,9
5960836,7,6,6,5,5,4,4,4,4,5,6,5,6,6,6
5568092,9,10,9,8,9,8,8,8,8,10,9,10,4,4,4
5536896,6,5,4,5,8,6,5,5,5,7,6,6,10,10,9
5614761,5,4,3,7,9,8,6,4,5,10,7,8,7,7,4
5483484,6,5,5,4,5,4,2,2,2,4,6,3,6,6,6
5951121,8,8,8,5,5,5,6,7,6,5,6,6,4,4,6
5697377,4,4,5,1,1,1,2,3,2,3,5,3,4,4,6
5212016,5,4,4,2,3,3,3,4,3,6,6,6,6,6,6
5803315,8,8,9,6,4,6,9,9,9,4,4,6,2,2,5
5696432,6,6,6,6,6,6,6,6,6,6,5,6,4,4,4
5013321,9,9,8,6,7,6,8,9,8,10,9,10,4,4,5
5509621,2,2,1,6,7,6,4,2,3,8,5,5,7,7,4
5134858,7,7,5,2,4,2,2,4,3,9,10,9,5,5,5
5727779,9,8,7,6,8,5,6,7,6,7,7,7,8,8,9
5003673,1,1,1,5,6,6,3,1,2,6,3,3,7,8,4
5157650,3,3,3,7,7,7,4,2,3,4,2,1,6,5,3
5188214,10,10,10,8,7,7,6,6,6,2,5,3,4,3,6
5991765,3,3,3,9,9,9,5,2,4,5,3,2,6,6,3
5934319,5,4,4,4,6,4,3,3,3,5,5,4,8,8,7
5704718,9,9,9,7,8,7,8,8,8,5,6,5,7,7,8
5628944,7,6,5,4,8,4,2,3,2,8,10,7,10,10,9
5316509,6,5,4,3,6,3,3,4,3,7,8,6,9,9,8
5427461,4,5,5,10,10,10,8,5,8,7,3,4,5,4,2
5565435,7,6,5,2,4,2,2,4,2,5,7,5,8,8,8
5834056,7,6,7,7,6,7,7,7,7,4,3,3,5,5,6
5303417,3,3,2,5,6,6,4,3,4,7,4,4,6,6,4
5328047,7,7,7,5,4,5,6,6,6,8,7,8,3,3,3
5261888,8,8,7,6,7,6,6,7,6,8,8,8,6,6,7
5453145,5,5,4,3,5,4,3,4,3,10,8,8,6,6,5
5409485,10,10,10,6,5,6,10,10,10,6,6,8,3,3,6
5291557,6,5,4,5,7,5,3,3,2,5,6,4,8,8,7
5403945,6,5,4,3,6,3,2,3,2,7,9,6,9,9,8
5590096,3,3,4,3,3,3,2,2,2,1,1,1,6,7,7
5868734,9,8,6,5,9,5,4,5,4,8,10,7,10,9,9
5884101,3,3,3,7,7,8,5,3,4,6,3,3,5,5,3
5495768,7,6,4,5,8,5,4,4,4,8,8,7,10,9,8
5770926,6,6,7,5,3,4,6,7,7,5,5,6,2,3,4
5150711,7,7,6,3,5,3,5,7,5,7,8,8,7,7,8
5296757,7,7,8,5,3,5,8,8,8,5,4,6,3,3,5
5478075,6,6,5,5,5,4,3,3,3,7,8,7,5,4,4
5487746,7,8,7,6,6,6,6,6,6,9,8,9,3,3,3
5793623,5,4,4,4,4,4,4,5,4,5,5,5,6,7,7
5642783,10,9,8,7,10,7,7,8,8,10,10,10,9,8,8
5484926,3,3,5,3,2,4,5,5,5,1,1,1,5,6,7
5535834,3,3,2,7,9,7,3,1,2,7,5,3,9,8,5
5356936,10,10,10,9,9,8,10,10,10,8,7,9,4,4,6
5353658,5,4,4,3,2,2,2,2,2,5,6,4,5,5,5
5530142,3,3,3,10,10,10,9,5,8,6,1,3,6,6,3
5263501,10,10,10,9,8,8,10,10,10,9,8,10,2,1,3
5303117,6,6,6,4,3,4,6,7,6,7,6,7,4,5,6
5821687,6,6,5,6,5,5,4,3,3,6,7,5,4,3,3
5891956,5,4,3,4,6,4,3,3,3,6,5,4,9,9,8
5010381,7,7,8,6,3,5,6,7,6,1,1,1,3,3,6
5961465,4,4,4,6,6,7,6,5,5,7,4,5,4,5,3
5548142,4,4,4,5,4,4,3,3,3,5,5,4,4,4,4
5206967,4,4,5,10,8,10,8,5,7,6,2,3,4,3,2
5138874,9,8,7,8,9,7,6,6,6,7,7,6,6,6,6
5436778,8,8,8,10,10,10,9,8,9,7,6,6,6,6,5
5855710,6,6,6,8,6,8,9,7,8,8,5,7,3,3,2
5598609,8,8,7,4,5,4,6,8,7,10,10,10,5,5,5
5749130,4,4,6,4,2,4,4,5,4,1,1,1,5,5,7
5105518,6,5,4,3,6,3,1,3,1,4,7,4,10,9,9
5508370,1,1,1,5,6,5,2,1,2,6,3,3,8,8,5
5757346,7,6,5,3,6,3,2,4,2,7,9,7,9,9,8
5571032,8,8,7,7,7,6,7,7,7,8,7,8,4,4,5
5471581,9,9,8,5,6,5,5,6,6,8,9,9,4,4,5
5086381,10,10,9,7,6,6,7,7,7,7,8,8,2,2,3
5527491,6,5,5,3,5,3,4,5,4,6,6,5,8,8,9
5666278,2,3,3,8,6,8,6,3,5,6,2,3,4,4,1
5771967,5,4,5,2,2,2,3,4,3,3,4,4,6,6,7
5176344,6,6,7,8,7,8,9,8,8,3,1,3,6,6,6
5092834,3,2,2,1,2,1,1,2,1,2,3,1,8,9,9
5494934,6,6,5,2,4,2,4,6,4,8,8,8,6,7,7
5175588,8,8,8,4,4,4,6,7,6,7,7,8,4,4,5
5643207,7,6,6,6,9,7,6,6,6,6,5,5,9,9,8
5350405,9,8,8,6,7,6,6,6,6,7,7,7,6,5,6
5645990,5,3,3,1,3,1,1,2,1,3,6,3,10,10,10
5029657,8,8,7,6,5,6,6,6,6,8,8,8,2,2,2
5462023,8,8,8,8,9,8,9,8,9,9,7,8,6,5,5
5034359,9,8,7,9,10,8,5,5,5,7,8,6,9,8,7
5954634,8,9,9,8,6,8,9,9,9,7,5,7,2,2,3
5627040,5,5,4,6,7,6,4,4,4,8,7,6,7,7,5
5959240,8,7,6,4,6,4,4,5,4,8,9,8,6,6,6
5175589,6,6,7,5,2,5,6,7,6,4,4,5,1,2,3
5145188,9,8,7,8,10,8,7,7,7,5,5,4,9,9,9
5064389,7,7,6,6,7,6,6,6,6,10,9,9,6,6,6
5492238,7,7,6,4,6,3,3,5,3,8,9,7,7,7,7
5264749,5,5,5,10,9,10,9,6,8,8,4,6,4,4,2
5596663,4,3,2,6,8,6,4,2,3,8,6,5,7,7,4
5718025,6,6,8,4,2,4,6,7,6,2,2,3,2,3,6
5903268,7,8,7,7,7,7,8,8,8,10,8,9,3,3,3
5713198,5,4,4,2,2,2,2,4,2,5,6,5,5,6,6
5982719,7,7,6,5,7,5,5,5,5,6,7,6,7,7,7
5691382,8,8,8,4,3,3,6,8,6,7,8,8,2,3,5
5808608,6,6,7,3,2,3,4,5,4,1,3,2,5,5,7
5293009,8,8,8,7,6,7,7,7,7,6,6,6,3,2,3
5773991,7,7,6,4,4,4,5,6,5,7,7,7,5,5,6
5633186,8,9,9,7,5,6,8,8,8,6,6,7,2,2,3
5582239,5,4,4,4,5,4,4,4,4,4,4,4,7,7,7
5186856,9,8,7,7,9,6,5,6,5,7,8,7,7,6,6
5399156,5,5,6,3,3,3,6,7,6,6,5,7,5,6,7
5509393,8,8,8,5,4,4,6,7,7,6,6,7,3,4,5
5291111,6,6,6,5,4,5,6,6,6,9,7,8,3,3,3
5743952,8,8,8,5,5,4,5,6,5,6,8,7,4,4,5
5828872,7,7,7,5,3,5,7,8,7,8,7,9,1,2,3
5871858,7,7,7,4,3,3,4,5,4,3,5,4,4,4,6
5842224,9,9,8,6,5,4,4,4,4,6,9,7,3,2,3
5384500,5,5,5,4,3,3,2,3,2,1,3,1,5,4,5
5288979,1,1,1,4,4,4,1,1,1,4,3,1,7,7,4
5899983,6,5,6,3,2,3,4,5,4,1,3,2,5,6,8
5121253,7,6,7,6,5,6,6,6,6,3,4,3,5,5,6
5331432,3,3,2,9,8,9,4,1,3,6,3,2,6,5,2
5734774,8,8,9,8,5,7,8,8,8,5,5,6,1,1,2
5586823,9,9,9,7,6,7,8,9,9,7,7,8,3,3,4
5351191,6,5,5,5,7,5,4,5,4,4,5,4,9,9,9
5662083,8,9,9,7,5,6,7,8,8,7,7,8,2,2,4
5659486,7,7,7,5,4,5,6,6,6,6,6,7,3,4,4
5165206,9,9,8,8,8,8,9,9,9,10,8,10,3,3,4
5760047,6,6,6,5,5,5,6,6,6,6,5,5,4,4,5
5227913,8,9,9,7,6,6,7,7,7,6,6,7,3,3,4
5785229,8,8,9,9,8,9,10,10,10,6,4,6,3,3,4
5960162,7,6,5,4,5,3,3,4,3,5,7,5,7,7,7
5365063,3,4,5,10,9,10,10,7,10,6,1,3,4,4,2
5960631,5,5,4,3,4,3,3,4,3,8,8,7,5,5,5
5864838,9,9,9,7,5,6,8,8,8,6,6,7,2,2,4
5458405,4,4,3,9,10,10,6,3,5,8,5,5,7,6,3
5857825,6,5,4,3,6,3,3,4,3,7,8,6,9,9,8
5437499,6,6,6,7,6,7,7,6,7,8,6,7,4,4,3
5397582,5,5,4,9,9,9,6,4,6,7,4,4,6,6,4
5329397,5,5,4,4,5,4,3,3,3,8,8,7,6,6,5
5926009,8,8,7,3,4,3,6,7,6,6,7,7,6,6,8
5515088,7,6,5,3,6,3,3,5,3,6,8,6,10,10,10
5776417,6,7,7,7,6,7,9,8,9,8,5,8,3,3,4
5411171,8,9,8,4,4,4,7,9,7,8,8,9,4,4,6
5898471,9,9,9,6,5,5,8,9,8,9,9,10,2,2,3
5482644,2,2,1,5,5,5,1,1,1,5,4,2,6,5,3
5193553,4,4,3,8,9,8,5,3,5,7,4,4,7,7,4
5375720,9,9,10,9,6,8,10,10,10,6,5,7,1,1,3
5699257,6,6,5,4,5,4,5,6,5,9,8,8,5,6,5
5780930,8,8,9,7,4,7,8,8,8,3,3,4,2,1,4
5311251,2,1,1,5,5,5,1,1,1,4,3,1,6,6,4
5427105,7,7,8,2,1,2,5,7,5,5,6,6,2,3,5
5003201,6,6,6,1,1,1,4,7,5,5,6,7,3,5,7
5206935,6,5,5,5,6,5,5,5,5,4,5,4,7,7,7
5257582,4,4,5,3,2,3,4,5,4,4,4,4,4,5,6
5363712,4,4,4,1,1,2,3,5,4,8,7,8,4,5,5
5582764,5,5,6,4,3,4,6,6,6,4,3,4,5,5,6
5405089,3,4,4,10,8,10,8,4,7,6,2,3,4,3,1
5424687,9,9,8,8,7,7,6,6,6,4,5,4,4,3,4
5007267,8,8,8,7,7,7,7,7,7,3,4,4,6,6,7
5813327,9,9,10,9,7,9,10,10,10,7,5,7,1,1,3
5395316,1,1,1,4,4,4,1,1,1,6,4,3,6,7,3
5407478,6,5,4,2,5,2,2,4,2,4,6,4,9,10,10
5283691,8,8,8,7,7,7,7,7,7,5,5,5,4,4,5
5744916,2,2,2,5,5,6,4,3,4,6,3,4,5,6,3
5585098,6,6,8,5,3,4,6,7,6,2,3,3,3,4,6
5710025,6,5,5,4,5,4,4,5,4,3,4,3,8,8,9
5981081,6,5,5,4,6,4,4,5,4,5,6,5,8,9,9
5784943,3,2,2,6,8,7,4,2,3,6,4,3,8,8,5
5023543,5,4,3,6,7,6,3,3,3,4,4,2,9,8,7
5008238,7,8,8,6,4,6,7,7,7,5,5,6,2,2,4
5990654,4,4,4,7,7,8,7,5,7,7,4,5,4,5,3
5008108,9,9,8,7,8,7,8,9,9,10,10,10,5,5,5
5215119,4,4,4,10,10,10,7,4,7,7,3,4,5,5,1
5391281,8,8,9,6,5,6,8,9,8,4,4,5,4,4,6
5208553,1,1,1,2,3,3,2,2,2,6,3,3,7,8,5
5616401,5,5,6,7,5,7,8,7,8,3,1,3,4,4,5
5317960,8,8,9,6,5,6,9,9,9,6,6,7,3,3,5
5734883,9,9,8,7,7,6,6,6,6,6,7,6,5,4,5
5338898,1,1,1,7,6,8,4,1,3,5,1,1,5,5,1
5934559,9,7,4,2,7,1,1,2,1,7,10,6,10,10,10
5384628,5,5,5,3,2,3,3,4,3,4,5,4,5,5,6
5938391,4,4,4,7,6,7,3,2,3,5,4,3,4,4,2
5242080,3,4,5,10,8,10,9,6,9,7,1,4,3,3,1
5890271,5,5,6,3,1,2,3,4,3,5,6,5,1,1,2
5305695,8,8,9,6,4,6,8,8,8,6,6,7,2,2,4
5215927,5,4,3,4,5,3,2,2,2,6,7,5,7,7,6
5484868,7,7,6,5,5,4,4,4,4,7,8,7,4,4,4
5036599,9,9,10,8,5,7,9,9,9,5,5,6,1,1,3
5131399,9,10,10,8,6,8,10,10,10,7,5,8,2,2,4
5637512,8,8,9,8,7,7,8,8,8,4,4,4,4,4,5
5806681,6,6,6,5,4,5,4,4,4,6,6,6,4,3,3
5872145,4,4,4,8,7,8,7,5,7,7,3,5,5,5,3
5641421,9,9,9,6,5,6,8,8,8,7,7,8,2,2,4
5226658,8,7,6,5,7,4,4,5,4,7,8,7,8,7,7
5510590,6,5,5,3,5,3,3,5,3,5,6,5,8,8,9
5473570,8,8,7,5,7,5,5,6,5,8,9,8,7,6,6
5281647,7,7,7,4,3,4,5,5,5,6,6,6,3,3,4
5546968,7,6,4,2,5,2,1,3,2,7,9,6,9,9,9
5559650,8,7,7,5,6,5,6,7,6,6,7,7,6,6,7
5570877,7,6,6,5,6,5,5,6,5,7,7,6,6,6,6
5474295,9,9,9,8,8,8,9,9,9,9,7,9,4,4,5
5725672,4,4,3,7,8,7,6,4,6,10,6,7,6,6,3
5683198,6,6,7,5,2,5,8,8,8,5,4,6,1,2,4
5704766,7,6,5,2,3,1,3,5,3,8,9,9,6,6,6
5888702,2,2,2,6,7,6,4,3,4,10,6,6,7,7,4
5499316,8,7,6,7,9,6,4,4,4,6,7,5,7,6,6
5226811,8,7,7,5,7,5,5,6,5,5,6,5,7,7,8
5378716,7,7,6,4,3,3,4,5,4,6,7,6,3,3,4
5059718,7,6,5,5,6,4,5,5,5,9,9,8,6,6,6
5800781,7,8,7,5,4,4,5,5,5,6,7,7,2,2,2
5552548,2,2,2,7,7,8,5,3,4,6,3,3,6,6,3
5382431,8,8,6,4,6,3,4,6,5,10,10,10,7,7,7
5026613,8,8,7,7,8,7,7,7,7,7,7,7,6,6,6
5269072,9,9,9,6,6,6,8,9,8,9,9,10,3,3,5
5169908,6,5,4,2,5,2,2,4,2,6,8,6,9,10,10
5020255,10,10,9,7,7,6,7,7,7,7,8,7,4,3,5
5243921,6,5,6,3,1,3,4,5,4,2,3,3,4,4,6
5166984,5,5,5,5,5,5,5,5,5,5,4,5,5,5,5
5218333,9,10,10,7,3,6,8,9,8,4,5,6,1,1,2
5801889,6,5,5,3,4,3,4,5,4,6,6,6,6,7,7
5560534,8,8,8,4,3,4,8,9,8,7,6,8,3,4,6
5299500,8,8,7,4,4,4,5,7,6,7,8,8,4,4,5
5768384,7,6,7,3,3,3,6,7,6,4,4,5,4,5,7
5853735,5,4,6,3,2,4,6,7,6,3,2,3,5,6,7
5343061,6,6,5,7,8,7,6,6,6,9,7,7,6,6,5
5069003,7,6,6,4,5,4,4,4,4,5,6,5,6,5,6
5393928,6,5,5,4,5,4,5,5,5,6,6,6,6,6,6
5718163,2,2,3,7,6,8,6,4,6,7,2,4,4,5,3
5269475,5,5,6,3,1,2,5,6,5,3,4,4,3,3,5
5910363,4,3,3,1,3,1,1,3,1,7,8,7,9,10,10
5602077,9,8,7,3,7,3,5,7,5,7,9,8,9,9,10
5173052,3,3,3,6,5,6,5,4,5,7,4,5,5,5,4
5290564,5,5,4,2,2,2,3,4,3,7,7,7,5,5,5
5595222,7,7,7,7,5,7,6,6,6,5,5,5,2,2,3
5072937,10,10,9,7,9,6,8,9,8,10,10,10,6,6,7
5023900,7,7,6,6,6,6,6,6,6,10,8,9,4,4,3
5022208,6,6,6,4,3,4,5,5,5,3,4,3,5,5,6
5869898,5,5,6,4,3,4,6,6,6,2,2,3,5,6,7
5953422,7,6,5,5,8,5,5,5,5,9,8,8,7,7,6
5790497,6,6,7,4,2,3,4,5,4,4,6,5,2,2,4
5030875,8,8,7,6,7,6,3,4,3,5,7,5,7,6,6
5277744,2,2,2,8,7,9,5,2,4,5,2,1,5,5,2
5210377,8,9,9,8,6,8,10,9,10,7,6,8,2,2,3
5992889,6,6,6,4,4,4,6,8,7,6,5,6,5,6,7
5662434,5,5,7,3,1,3,6,8,7,3,2,4,3,4,7
5095339,5,5,4,5,6,5,5,5,5,7,6,6,6,7,6
5358710,8,8,8,3,2,2,4,6,4,6,8,7,3,3,5
5403566,5,5,5,4,4,4,5,5,5,7,6,6,4,4,4
5892815,6,7,6,6,6,6,8,8,8,10,8,10,5,5,5
5124515,8,9,9,5,4,4,8,9,8,7,7,9,3,3,5
5828810,8,8,8,6,5,6,7,8,7,6,6,7,3,3,4
5967651,6,5,6,6,4,6,5,5,5,1,1,1,5,5,7
5313544,7,6,6,7,7,6,5,5,5,6,6,5,6,6,6
5698874,7,6,5,3,5,3,3,4,3,6,8,6,7,7,8
5451589,6,7,7,3,1,3,6,7,6,9,8,10,1,1,2
5118622,7,7,8,7,5,7,8,8,8,2,2,2,4,4,6
5347465,7,6,5,4,7,4,4,5,4,7,7,6,10,10,9
5972919,8,8,8,5,4,4,7,8,7,7,8,8,3,3,4
5666896,3,3,3,6,5,6,5,4,5,8,5,6,4,5,2
5960983,6,6,7,7,6,7,7,7,7,2,2,2,5,5,6
5568807,3,3,3,8,7,9,6,3,5,6,2,3,5,5,2
5027265,7,7,7,3,3,3,6,8,7,6,6,8,4,5,6
5274067,7,7,7,3,1,2,5,7,6,6,6,7,2,3,5
5289632,2,2,2,6,6,7,5,3,4,7,4,4,6,6,3
5414112,3,3,4,6,4,7,7,5,7,6,2,5,3,3,2
5455531,5,5,5,5,4,5,5,5,5,4,4,4,5,5,5
5096089,8,8,8,5,4,5,6,7,6,5,6,6,3,3,5
5300053,4,4,4,7,8,8,8,6,7,9,5,7,6,6,4
5336027,8,9,9,8,6,7,9,9,9,8,6,8,2,2,3
5313452,6,6,5,6,7,6,5,5,5,8,8,7,5,5,4
5469754,7,8,8,7,4,7,9,8,8,5,4,5,1,2,3
5103278,7,7,6,6,6,6,5,6,5,7,7,7,5,4,4
5473429,9,8,7,5,7,5,6,7,6,9,9,9,7,7,7
5727341,8,8,8,6,4,6,7,8,7,6,6,7,2,2,3
5468310,8,7,7,8,9,7,6,6,6,5,6,5,7,7,7
5966285,7,8,8,5,3,5,7,7,7,5,5,6,1,2,4
5392360,7,6,5,4,6,4,2,3,3,5,7,5,8,7,7
5329100,3,3,3,5,6,6,4,3,4,8,5,6,5,6,3
5440026,9,9,9,6,6,6,7,8,8,7,7,8,3,3,5
5290912,8,8,7,4,4,3,5,7,5,6,8,7,4,4,6
5775741,9,9,8,5,6,4,5,6,5,8,9,8,5,5,6
5056749,7,8,7,5,5,5,6,6,6,9,8,9,4,4,4
5654936,6,6,6,4,3,4,5,6,5,6,6,7,3,3,4
5719446,8,8,8,9,7,8,7,6,7,5,5,5,4,3,4
5730919,9,9,8,5,8,5,7,9,8,7,8,8,8,8,10
5679719,5,5,4,5,7,6,5,5,5,8,6,6,8,9,7
5468065,5,5,5,3,3,3,3,4,3,6,6,6,4,5,5
5361110,2,2,1,1,3,2,1,1,1,7,7,5,7,8,6
5378944,8,7,6,5,7,5,4,4,4,7,8,6,7,7,6
5166973,7,6,6,5,7,5,5,6,5,6,6,6,8,8,8
5931551,6,6,5,4,5,4,4,4,4,9,8,8,5,5,4
5260984,7,7,7,5,4,4,5,6,5,7,7,7,2,2,3
5412640,5,5,5,2,2,2,3,5,4,5,6,5,4,5,6
5319781,8,7,7,7,7,7,6,6,6,6,6,5,5,5,5
5768827,7,6,5,4,7,4,3,4,3,6,8,5,10,10,9
5822956,7,6,5,5,6,5,4,4,4,6,7,6,7,6,6
5252343,5,6,6,10,9,10,10,8,10,9,4,7,3,3,2
5770810,7,7,7,6,6,6,7,7,7,7,7,7,4,4,5
5117171,6,6,6,3,2,3,4,6,5,7,7,7,2,2,3
5745219,6,7,7,7,6,7,7,7,7,7,6,7,3,3,3
5684883,6,6,4,3,6,3,1,3,1,6,8,5,9,8,8
5867106,8,8,6,5,6,5,5,6,5,9,9,8,5,5,5
5286655,7,7,7,5,5,5,5,5,5,5,6,6,4,4,5
5008770,3,3,4,9,7,9,7,5,7,6,1,3,4,5,3
5079888,1,1,1,4,4,5,3,2,2,6,3,3,6,6,4
5994519,7,7,7,5,4,5,8,9,8,6,5,7,4,4,6
5321658,5,4,4,4,4,4,4,4,3,5,4,4,6,6,6
5890202,6,6,7,3,2,3,6,7,6,7,7,8,3,4,5
5438909,10,10,9,6,6,5,6,7,6,8,9,9,4,3,5
5778689,1,1,1,4,4,4,2,1,2,7,4,4,5,5,3
